{
  "project_info": {
    "project_number": "137681113094",
    "project_id": "dogcare-357414",
    "storage_bucket": "dogcare-357414.appspot.com"
  },
  "client": [
    {
      "client_info": {
        "mobilesdk_app_id": "1:137681113094:android:0f86da3a45d2adf2f5f387",
        "android_client_info": {
          "package_name": "com.my.dogcare"
        }
      },
      "oauth_client": [
        {
          "client_id": "137681113094-1nahjvfaoqkr6ihrb3v2saa5e2o7hp9f.apps.googleusercontent.com",
          "client_type": 3
        }
      ],
      "api_key": [
        {
          "current_key": "AIzaSyCrCk5UiRvHf8_61fkQKjGa0oQX293QIvA"
        }
      ],
      "services": {
        "appinvite_service": {
          "other_platform_oauth_client": [
            {
              "client_id": "137681113094-1nahjvfaoqkr6ihrb3v2saa5e2o7hp9f.apps.googleusercontent.com",
              "client_type": 3
            },
            {
              "client_id": "137681113094-50to70u6siffvu88vqqe7ncq36ijbf57.apps.googleusercontent.com",
              "client_type": 2,
              "ios_info": {
                "bundle_id": "com.my.dogcare"
              }
            }
          ]
        }
      }
    }
  ],
  "configuration_version": "1"
}